time_id,action_date,action_weekday,action_month,action_year
d_0,1,0,7,2024
d_1,1,0,7,2024
d_2,1,0,7,2024
d_3,1,0,7,2024
d_4,1,0,7,2024
d_5,1,0,7,2024
d_6,1,0,7,2024
d_7,1,0,7,2024
d_8,1,0,7,2024
d_9,1,0,7,2024
d_10,1,0,7,2024
d_11,1,0,7,2024
d_12,1,0,7,2024
d_13,1,0,7,2024
d_14,1,0,7,2024
d_15,1,0,7,2024
d_16,1,0,7,2024
d_17,1,0,7,2024
d_18,1,0,7,2024
d_19,1,0,7,2024
d_20,1,0,7,2024
d_21,1,0,7,2024
d_22,1,0,7,2024
d_23,1,0,7,2024
d_24,1,0,7,2024
d_25,1,0,7,2024
d_26,1,0,7,2024
d_27,1,0,7,2024
d_28,1,0,7,2024
d_29,1,0,7,2024
d_30,1,0,7,2024
d_31,1,0,7,2024
d_32,1,0,7,2024
d_33,1,0,7,2024
d_34,1,0,7,2024
d_35,1,0,7,2024
d_36,1,0,7,2024
d_37,1,0,7,2024
d_38,1,0,7,2024
d_39,1,0,7,2024
d_40,1,0,7,2024
d_41,1,0,7,2024
d_42,1,0,7,2024
d_43,1,0,7,2024
d_44,1,0,7,2024
d_45,1,0,7,2024
d_46,1,0,7,2024
d_47,1,0,7,2024
d_48,1,0,7,2024
d_49,1,0,7,2024
d_50,1,0,7,2024
d_51,1,0,7,2024
d_52,1,0,7,2024
d_53,2,1,7,2024
d_54,2,1,7,2024
d_55,2,1,7,2024
d_56,2,1,7,2024
d_57,2,1,7,2024
d_58,2,1,7,2024
d_59,2,1,7,2024
d_60,2,1,7,2024
d_61,2,1,7,2024
d_62,2,1,7,2024
d_63,2,1,7,2024
d_64,2,1,7,2024
d_65,2,1,7,2024
d_66,2,1,7,2024
d_67,2,1,7,2024
d_68,2,1,7,2024
d_69,2,1,7,2024
d_70,2,1,7,2024
d_71,2,1,7,2024
d_72,2,1,7,2024
d_73,2,1,7,2024
d_74,2,1,7,2024
d_75,2,1,7,2024
d_76,2,1,7,2024
d_77,2,1,7,2024
d_78,2,1,7,2024
d_79,2,1,7,2024
d_80,2,1,7,2024
d_81,2,1,7,2024
d_82,2,1,7,2024
d_83,2,1,7,2024
d_84,2,1,7,2024
d_85,2,1,7,2024
d_86,2,1,7,2024
d_87,2,1,7,2024
d_88,2,1,7,2024
d_89,2,1,7,2024
d_90,2,1,7,2024
d_91,2,1,7,2024
d_92,2,1,7,2024
d_93,2,1,7,2024
d_94,2,1,7,2024
d_95,2,1,7,2024
d_96,2,1,7,2024
d_97,2,1,7,2024
d_98,2,1,7,2024
d_99,3,2,7,2024
d_100,3,2,7,2024
d_101,3,2,7,2024
d_102,3,2,7,2024
d_103,3,2,7,2024
d_104,3,2,7,2024
d_105,3,2,7,2024
d_106,3,2,7,2024
d_107,3,2,7,2024
d_108,3,2,7,2024
d_109,3,2,7,2024
d_110,3,2,7,2024
d_111,3,2,7,2024
d_112,3,2,7,2024
d_113,3,2,7,2024
d_114,3,2,7,2024
d_115,3,2,7,2024
d_116,3,2,7,2024
d_117,3,2,7,2024
d_118,3,2,7,2024
d_119,3,2,7,2024
d_120,3,2,7,2024
d_121,3,2,7,2024
d_122,3,2,7,2024
d_123,3,2,7,2024
d_124,3,2,7,2024
d_125,3,2,7,2024
d_126,3,2,7,2024
d_127,3,2,7,2024
d_128,3,2,7,2024
d_129,3,2,7,2024
d_130,3,2,7,2024
d_131,3,2,7,2024
d_132,3,2,7,2024
d_133,3,2,7,2024
d_134,3,2,7,2024
d_135,3,2,7,2024
d_136,3,2,7,2024
d_137,3,2,7,2024
d_138,3,2,7,2024
d_139,3,2,7,2024
d_140,3,2,7,2024
d_141,3,2,7,2024
d_142,3,2,7,2024
d_143,3,2,7,2024
d_144,3,2,7,2024
d_145,4,3,7,2024
d_146,4,3,7,2024
d_147,4,3,7,2024
d_148,4,3,7,2024
d_149,4,3,7,2024
d_150,4,3,7,2024
d_151,4,3,7,2024
d_152,4,3,7,2024
d_153,4,3,7,2024
d_154,4,3,7,2024
d_155,4,3,7,2024
d_156,4,3,7,2024
d_157,4,3,7,2024
d_158,4,3,7,2024
d_159,4,3,7,2024
d_160,4,3,7,2024
d_161,4,3,7,2024
d_162,4,3,7,2024
d_163,4,3,7,2024
d_164,4,3,7,2024
d_165,4,3,7,2024
d_166,4,3,7,2024
d_167,4,3,7,2024
d_168,4,3,7,2024
d_169,4,3,7,2024
d_170,4,3,7,2024
d_171,4,3,7,2024
d_172,4,3,7,2024
d_173,4,3,7,2024
d_174,4,3,7,2024
d_175,4,3,7,2024
d_176,4,3,7,2024
d_177,4,3,7,2024
d_178,4,3,7,2024
d_179,4,3,7,2024
d_180,4,3,7,2024
d_181,4,3,7,2024
d_182,4,3,7,2024
d_183,4,3,7,2024
d_184,4,3,7,2024
d_185,4,3,7,2024
d_186,4,3,7,2024
d_187,4,3,7,2024
d_188,4,3,7,2024
d_189,4,3,7,2024
d_190,4,3,7,2024
d_191,4,3,7,2024
d_192,4,3,7,2024
d_193,4,3,7,2024
d_194,4,3,7,2024
d_195,4,3,7,2024
d_196,5,4,7,2024
d_197,5,4,7,2024
d_198,5,4,7,2024
d_199,5,4,7,2024
d_200,5,4,7,2024
d_201,5,4,7,2024
d_202,5,4,7,2024
d_203,5,4,7,2024
d_204,5,4,7,2024
d_205,5,4,7,2024
d_206,5,4,7,2024
d_207,5,4,7,2024
d_208,5,4,7,2024
d_209,5,4,7,2024
d_210,5,4,7,2024
d_211,5,4,7,2024
d_212,5,4,7,2024
d_213,5,4,7,2024
d_214,5,4,7,2024
d_215,5,4,7,2024
d_216,5,4,7,2024
d_217,5,4,7,2024
d_218,5,4,7,2024
d_219,5,4,7,2024
d_220,5,4,7,2024
d_221,5,4,7,2024
d_222,5,4,7,2024
d_223,5,4,7,2024
d_224,5,4,7,2024
d_225,5,4,7,2024
d_226,5,4,7,2024
d_227,5,4,7,2024
d_228,5,4,7,2024
d_229,5,4,7,2024
d_230,5,4,7,2024
d_231,5,4,7,2024
d_232,5,4,7,2024
d_233,5,4,7,2024
d_234,5,4,7,2024
d_235,5,4,7,2024
d_236,5,4,7,2024
d_237,5,4,7,2024
d_238,5,4,7,2024
d_239,5,4,7,2024
d_240,5,4,7,2024
d_241,6,5,7,2024
d_242,6,5,7,2024
d_243,6,5,7,2024
d_244,6,5,7,2024
d_245,6,5,7,2024
d_246,6,5,7,2024
d_247,6,5,7,2024
d_248,6,5,7,2024
d_249,6,5,7,2024
d_250,6,5,7,2024
d_251,6,5,7,2024
d_252,6,5,7,2024
d_253,6,5,7,2024
d_254,6,5,7,2024
d_255,6,5,7,2024
d_256,6,5,7,2024
d_257,6,5,7,2024
d_258,6,5,7,2024
d_259,6,5,7,2024
d_260,6,5,7,2024
d_261,6,5,7,2024
d_262,6,5,7,2024
d_263,6,5,7,2024
d_264,6,5,7,2024
d_265,6,5,7,2024
d_266,6,5,7,2024
d_267,6,5,7,2024
d_268,6,5,7,2024
d_269,6,5,7,2024
d_270,6,5,7,2024
d_271,6,5,7,2024
d_272,6,5,7,2024
d_273,6,5,7,2024
d_274,6,5,7,2024
d_275,6,5,7,2024
d_276,6,5,7,2024
d_277,6,5,7,2024
d_278,6,5,7,2024
d_279,6,5,7,2024
d_280,6,5,7,2024
d_281,6,5,7,2024
d_282,6,5,7,2024
d_283,6,5,7,2024
d_284,6,5,7,2024
d_285,6,5,7,2024
d_286,6,5,7,2024
d_287,6,5,7,2024
d_288,6,5,7,2024
d_289,6,5,7,2024
d_290,7,6,7,2024
d_291,7,6,7,2024
d_292,7,6,7,2024
d_293,7,6,7,2024
d_294,7,6,7,2024
d_295,7,6,7,2024
d_296,7,6,7,2024
d_297,7,6,7,2024
d_298,7,6,7,2024
d_299,7,6,7,2024
d_300,7,6,7,2024
d_301,7,6,7,2024
d_302,7,6,7,2024
d_303,7,6,7,2024
d_304,7,6,7,2024
d_305,7,6,7,2024
d_306,7,6,7,2024
d_307,7,6,7,2024
d_308,7,6,7,2024
d_309,7,6,7,2024
d_310,7,6,7,2024
d_311,7,6,7,2024
d_312,7,6,7,2024
d_313,7,6,7,2024
d_314,7,6,7,2024
d_315,7,6,7,2024
d_316,7,6,7,2024
d_317,7,6,7,2024
d_318,7,6,7,2024
d_319,7,6,7,2024
d_320,7,6,7,2024
d_321,7,6,7,2024
d_322,7,6,7,2024
d_323,7,6,7,2024
d_324,7,6,7,2024
d_325,7,6,7,2024
d_326,7,6,7,2024
d_327,7,6,7,2024
d_328,7,6,7,2024
d_329,7,6,7,2024
d_330,7,6,7,2024
d_331,7,6,7,2024
d_332,7,6,7,2024
d_333,7,6,7,2024
d_334,7,6,7,2024
d_335,7,6,7,2024
d_336,7,6,7,2024
d_337,7,6,7,2024
d_338,7,6,7,2024
d_339,8,0,7,2024
d_340,8,0,7,2024
d_341,8,0,7,2024
d_342,8,0,7,2024
d_343,8,0,7,2024
d_344,8,0,7,2024
d_345,8,0,7,2024
d_346,8,0,7,2024
d_347,8,0,7,2024
d_348,8,0,7,2024
d_349,8,0,7,2024
d_350,8,0,7,2024
d_351,8,0,7,2024
d_352,8,0,7,2024
d_353,8,0,7,2024
d_354,8,0,7,2024
d_355,8,0,7,2024
d_356,8,0,7,2024
d_357,8,0,7,2024
d_358,8,0,7,2024
d_359,8,0,7,2024
d_360,8,0,7,2024
d_361,8,0,7,2024
d_362,8,0,7,2024
d_363,8,0,7,2024
d_364,8,0,7,2024
d_365,8,0,7,2024
d_366,8,0,7,2024
d_367,8,0,7,2024
d_368,8,0,7,2024
d_369,8,0,7,2024
d_370,8,0,7,2024
d_371,8,0,7,2024
d_372,8,0,7,2024
d_373,8,0,7,2024
d_374,8,0,7,2024
d_375,8,0,7,2024
d_376,8,0,7,2024
d_377,8,0,7,2024
d_378,8,0,7,2024
d_379,8,0,7,2024
d_380,8,0,7,2024
d_381,8,0,7,2024
d_382,8,0,7,2024
d_383,8,0,7,2024
d_384,8,0,7,2024
d_385,9,1,7,2024
d_386,9,1,7,2024
d_387,9,1,7,2024
d_388,9,1,7,2024
d_389,9,1,7,2024
d_390,9,1,7,2024
d_391,9,1,7,2024
d_392,9,1,7,2024
d_393,9,1,7,2024
d_394,9,1,7,2024
d_395,9,1,7,2024
d_396,9,1,7,2024
d_397,9,1,7,2024
d_398,9,1,7,2024
d_399,9,1,7,2024
d_400,9,1,7,2024
d_401,9,1,7,2024
d_402,9,1,7,2024
d_403,9,1,7,2024
d_404,9,1,7,2024
d_405,9,1,7,2024
d_406,9,1,7,2024
d_407,9,1,7,2024
d_408,9,1,7,2024
d_409,9,1,7,2024
d_410,9,1,7,2024
d_411,9,1,7,2024
d_412,9,1,7,2024
d_413,9,1,7,2024
d_414,9,1,7,2024
d_415,9,1,7,2024
d_416,9,1,7,2024
d_417,9,1,7,2024
d_418,9,1,7,2024
d_419,9,1,7,2024
d_420,9,1,7,2024
d_421,9,1,7,2024
d_422,9,1,7,2024
d_423,9,1,7,2024
d_424,9,1,7,2024
d_425,9,1,7,2024
d_426,9,1,7,2024
d_427,9,1,7,2024
d_428,9,1,7,2024
d_429,9,1,7,2024
d_430,9,1,7,2024
d_431,9,1,7,2024
d_432,9,1,7,2024
d_433,9,1,7,2024
d_434,9,1,7,2024
d_435,9,1,7,2024
d_436,9,1,7,2024
d_437,9,1,7,2024
d_438,9,1,7,2024
d_439,9,1,7,2024
d_440,10,2,7,2024
d_441,10,2,7,2024
d_442,10,2,7,2024
d_443,10,2,7,2024
d_444,10,2,7,2024
d_445,10,2,7,2024
d_446,10,2,7,2024
d_447,10,2,7,2024
d_448,10,2,7,2024
d_449,10,2,7,2024
d_450,10,2,7,2024
d_451,10,2,7,2024
d_452,10,2,7,2024
d_453,10,2,7,2024
d_454,10,2,7,2024
d_455,10,2,7,2024
d_456,10,2,7,2024
d_457,10,2,7,2024
d_458,10,2,7,2024
d_459,10,2,7,2024
d_460,10,2,7,2024
d_461,10,2,7,2024
d_462,10,2,7,2024
d_463,10,2,7,2024
d_464,10,2,7,2024
d_465,10,2,7,2024
d_466,10,2,7,2024
d_467,10,2,7,2024
d_468,10,2,7,2024
d_469,10,2,7,2024
d_470,10,2,7,2024
d_471,10,2,7,2024
d_472,10,2,7,2024
d_473,10,2,7,2024
d_474,10,2,7,2024
d_475,10,2,7,2024
d_476,10,2,7,2024
d_477,10,2,7,2024
d_478,10,2,7,2024
d_479,10,2,7,2024
d_480,10,2,7,2024
d_481,10,2,7,2024
d_482,10,2,7,2024
d_483,10,2,7,2024
d_484,10,2,7,2024
d_485,10,2,7,2024
d_486,10,2,7,2024
d_487,10,2,7,2024
d_488,10,2,7,2024
d_489,10,2,7,2024
d_490,10,2,7,2024
d_491,11,3,7,2024
d_492,11,3,7,2024
d_493,11,3,7,2024
d_494,11,3,7,2024
d_495,11,3,7,2024
d_496,11,3,7,2024
d_497,11,3,7,2024
d_498,11,3,7,2024
d_499,11,3,7,2024
d_500,11,3,7,2024
d_501,11,3,7,2024
d_502,11,3,7,2024
d_503,11,3,7,2024
d_504,11,3,7,2024
d_505,11,3,7,2024
d_506,11,3,7,2024
d_507,11,3,7,2024
d_508,11,3,7,2024
d_509,11,3,7,2024
d_510,11,3,7,2024
d_511,11,3,7,2024
d_512,11,3,7,2024
d_513,11,3,7,2024
d_514,11,3,7,2024
d_515,11,3,7,2024
d_516,11,3,7,2024
d_517,11,3,7,2024
d_518,11,3,7,2024
d_519,11,3,7,2024
d_520,11,3,7,2024
d_521,11,3,7,2024
d_522,11,3,7,2024
d_523,11,3,7,2024
d_524,11,3,7,2024
d_525,11,3,7,2024
d_526,11,3,7,2024
d_527,11,3,7,2024
d_528,11,3,7,2024
d_529,11,3,7,2024
d_530,11,3,7,2024
d_531,11,3,7,2024
d_532,11,3,7,2024
d_533,11,3,7,2024
d_534,11,3,7,2024
d_535,11,3,7,2024
d_536,12,4,7,2024
d_537,12,4,7,2024
d_538,12,4,7,2024
d_539,12,4,7,2024
d_540,12,4,7,2024
d_541,12,4,7,2024
d_542,12,4,7,2024
d_543,12,4,7,2024
d_544,12,4,7,2024
d_545,12,4,7,2024
d_546,12,4,7,2024
d_547,12,4,7,2024
d_548,12,4,7,2024
d_549,12,4,7,2024
d_550,12,4,7,2024
d_551,12,4,7,2024
d_552,12,4,7,2024
d_553,12,4,7,2024
d_554,12,4,7,2024
d_555,12,4,7,2024
d_556,12,4,7,2024
d_557,12,4,7,2024
d_558,12,4,7,2024
d_559,12,4,7,2024
d_560,12,4,7,2024
d_561,12,4,7,2024
d_562,12,4,7,2024
d_563,12,4,7,2024
d_564,12,4,7,2024
d_565,12,4,7,2024
d_566,12,4,7,2024
d_567,12,4,7,2024
d_568,12,4,7,2024
d_569,12,4,7,2024
d_570,12,4,7,2024
d_571,12,4,7,2024
d_572,12,4,7,2024
d_573,12,4,7,2024
d_574,12,4,7,2024
d_575,12,4,7,2024
d_576,12,4,7,2024
d_577,12,4,7,2024
d_578,12,4,7,2024
d_579,12,4,7,2024
d_580,12,4,7,2024
d_581,12,4,7,2024
d_582,12,4,7,2024
d_583,12,4,7,2024
d_584,12,4,7,2024
d_585,12,4,7,2024
d_586,12,4,7,2024
d_587,12,4,7,2024
d_588,12,4,7,2024
d_589,12,4,7,2024
d_590,12,4,7,2024
d_591,13,5,7,2024
d_592,13,5,7,2024
d_593,13,5,7,2024
d_594,13,5,7,2024
d_595,13,5,7,2024
d_596,13,5,7,2024
d_597,13,5,7,2024
d_598,13,5,7,2024
d_599,13,5,7,2024
d_600,13,5,7,2024
d_601,13,5,7,2024
d_602,13,5,7,2024
d_603,13,5,7,2024
d_604,13,5,7,2024
d_605,13,5,7,2024
d_606,13,5,7,2024
d_607,13,5,7,2024
d_608,13,5,7,2024
d_609,13,5,7,2024
d_610,13,5,7,2024
d_611,13,5,7,2024
d_612,13,5,7,2024
d_613,13,5,7,2024
d_614,13,5,7,2024
d_615,13,5,7,2024
d_616,13,5,7,2024
d_617,13,5,7,2024
d_618,13,5,7,2024
d_619,13,5,7,2024
d_620,13,5,7,2024
d_621,13,5,7,2024
d_622,13,5,7,2024
d_623,13,5,7,2024
d_624,13,5,7,2024
d_625,13,5,7,2024
d_626,13,5,7,2024
d_627,13,5,7,2024
d_628,13,5,7,2024
d_629,13,5,7,2024
d_630,13,5,7,2024
d_631,13,5,7,2024
d_632,13,5,7,2024
d_633,13,5,7,2024
d_634,13,5,7,2024
d_635,13,5,7,2024
d_636,13,5,7,2024
d_637,13,5,7,2024
d_638,14,6,7,2024
d_639,14,6,7,2024
d_640,14,6,7,2024
d_641,14,6,7,2024
d_642,14,6,7,2024
d_643,14,6,7,2024
d_644,14,6,7,2024
d_645,14,6,7,2024
d_646,14,6,7,2024
d_647,14,6,7,2024
d_648,14,6,7,2024
d_649,14,6,7,2024
d_650,14,6,7,2024
d_651,14,6,7,2024
d_652,14,6,7,2024
d_653,14,6,7,2024
d_654,14,6,7,2024
d_655,14,6,7,2024
d_656,14,6,7,2024
d_657,14,6,7,2024
d_658,14,6,7,2024
d_659,14,6,7,2024
d_660,14,6,7,2024
d_661,14,6,7,2024
d_662,14,6,7,2024
d_663,14,6,7,2024
d_664,14,6,7,2024
d_665,14,6,7,2024
d_666,14,6,7,2024
d_667,14,6,7,2024
d_668,14,6,7,2024
d_669,14,6,7,2024
d_670,14,6,7,2024
d_671,14,6,7,2024
d_672,14,6,7,2024
d_673,14,6,7,2024
d_674,14,6,7,2024
d_675,14,6,7,2024
d_676,14,6,7,2024
d_677,14,6,7,2024
d_678,14,6,7,2024
d_679,14,6,7,2024
d_680,14,6,7,2024
d_681,14,6,7,2024
d_682,14,6,7,2024
d_683,15,0,7,2024
d_684,15,0,7,2024
d_685,15,0,7,2024
d_686,15,0,7,2024
d_687,15,0,7,2024
d_688,15,0,7,2024
d_689,15,0,7,2024
d_690,15,0,7,2024
d_691,15,0,7,2024
d_692,15,0,7,2024
d_693,15,0,7,2024
d_694,15,0,7,2024
d_695,15,0,7,2024
d_696,15,0,7,2024
d_697,15,0,7,2024
d_698,15,0,7,2024
d_699,15,0,7,2024
d_700,15,0,7,2024
d_701,15,0,7,2024
d_702,15,0,7,2024
d_703,15,0,7,2024
d_704,15,0,7,2024
d_705,15,0,7,2024
d_706,15,0,7,2024
d_707,15,0,7,2024
d_708,15,0,7,2024
d_709,15,0,7,2024
d_710,15,0,7,2024
d_711,15,0,7,2024
d_712,15,0,7,2024
d_713,15,0,7,2024
d_714,15,0,7,2024
d_715,15,0,7,2024
d_716,15,0,7,2024
d_717,15,0,7,2024
d_718,15,0,7,2024
d_719,15,0,7,2024
d_720,15,0,7,2024
d_721,15,0,7,2024
d_722,15,0,7,2024
d_723,15,0,7,2024
d_724,15,0,7,2024
d_725,15,0,7,2024
d_726,15,0,7,2024
d_727,15,0,7,2024
d_728,15,0,7,2024
d_729,15,0,7,2024
d_730,15,0,7,2024
d_731,15,0,7,2024
d_732,15,0,7,2024
d_733,15,0,7,2024
d_734,15,0,7,2024
d_735,15,0,7,2024
d_736,15,0,7,2024
d_737,15,0,7,2024
d_738,16,1,7,2024
d_739,16,1,7,2024
d_740,16,1,7,2024
d_741,16,1,7,2024
d_742,16,1,7,2024
d_743,16,1,7,2024
d_744,16,1,7,2024
d_745,16,1,7,2024
d_746,16,1,7,2024
d_747,16,1,7,2024
d_748,16,1,7,2024
d_749,16,1,7,2024
d_750,16,1,7,2024
d_751,16,1,7,2024
d_752,16,1,7,2024
d_753,16,1,7,2024
d_754,16,1,7,2024
d_755,16,1,7,2024
d_756,16,1,7,2024
d_757,16,1,7,2024
d_758,16,1,7,2024
d_759,16,1,7,2024
d_760,16,1,7,2024
d_761,16,1,7,2024
d_762,16,1,7,2024
d_763,16,1,7,2024
d_764,16,1,7,2024
d_765,16,1,7,2024
d_766,16,1,7,2024
d_767,16,1,7,2024
d_768,16,1,7,2024
d_769,16,1,7,2024
d_770,16,1,7,2024
d_771,16,1,7,2024
d_772,16,1,7,2024
d_773,16,1,7,2024
d_774,16,1,7,2024
d_775,16,1,7,2024
d_776,16,1,7,2024
d_777,16,1,7,2024
d_778,16,1,7,2024
d_779,16,1,7,2024
d_780,16,1,7,2024
d_781,16,1,7,2024
d_782,16,1,7,2024
d_783,16,1,7,2024
d_784,16,1,7,2024
d_785,16,1,7,2024
d_786,16,1,7,2024
d_787,16,1,7,2024
d_788,16,1,7,2024
d_789,17,2,7,2024
d_790,17,2,7,2024
d_791,17,2,7,2024
d_792,17,2,7,2024
d_793,17,2,7,2024
d_794,17,2,7,2024
d_795,17,2,7,2024
d_796,17,2,7,2024
d_797,17,2,7,2024
d_798,17,2,7,2024
d_799,17,2,7,2024
d_800,17,2,7,2024
d_801,17,2,7,2024
d_802,17,2,7,2024
d_803,17,2,7,2024
d_804,17,2,7,2024
d_805,17,2,7,2024
d_806,17,2,7,2024
d_807,17,2,7,2024
d_808,17,2,7,2024
d_809,17,2,7,2024
d_810,17,2,7,2024
d_811,17,2,7,2024
d_812,17,2,7,2024
d_813,17,2,7,2024
d_814,17,2,7,2024
d_815,17,2,7,2024
d_816,17,2,7,2024
d_817,17,2,7,2024
d_818,17,2,7,2024
d_819,17,2,7,2024
d_820,17,2,7,2024
d_821,17,2,7,2024
d_822,17,2,7,2024
d_823,17,2,7,2024
d_824,17,2,7,2024
d_825,17,2,7,2024
d_826,17,2,7,2024
d_827,17,2,7,2024
d_828,17,2,7,2024
d_829,17,2,7,2024
d_830,17,2,7,2024
d_831,17,2,7,2024
d_832,17,2,7,2024
d_833,17,2,7,2024
d_834,17,2,7,2024
d_835,17,2,7,2024
d_836,17,2,7,2024
d_837,17,2,7,2024
d_838,18,3,7,2024
d_839,18,3,7,2024
d_840,18,3,7,2024
d_841,18,3,7,2024
d_842,18,3,7,2024
d_843,18,3,7,2024
d_844,18,3,7,2024
d_845,18,3,7,2024
d_846,18,3,7,2024
d_847,18,3,7,2024
d_848,18,3,7,2024
d_849,18,3,7,2024
d_850,18,3,7,2024
d_851,18,3,7,2024
d_852,18,3,7,2024
d_853,18,3,7,2024
d_854,18,3,7,2024
d_855,18,3,7,2024
d_856,18,3,7,2024
d_857,18,3,7,2024
d_858,18,3,7,2024
d_859,18,3,7,2024
d_860,18,3,7,2024
d_861,18,3,7,2024
d_862,18,3,7,2024
d_863,18,3,7,2024
d_864,18,3,7,2024
d_865,18,3,7,2024
d_866,18,3,7,2024
d_867,18,3,7,2024
d_868,18,3,7,2024
d_869,18,3,7,2024
d_870,18,3,7,2024
d_871,18,3,7,2024
d_872,18,3,7,2024
d_873,18,3,7,2024
d_874,18,3,7,2024
d_875,18,3,7,2024
d_876,18,3,7,2024
d_877,18,3,7,2024
d_878,18,3,7,2024
d_879,18,3,7,2024
d_880,18,3,7,2024
d_881,18,3,7,2024
d_882,18,3,7,2024
d_883,18,3,7,2024
d_884,19,4,7,2024
d_885,19,4,7,2024
d_886,19,4,7,2024
d_887,19,4,7,2024
d_888,19,4,7,2024
d_889,19,4,7,2024
d_890,19,4,7,2024
d_891,19,4,7,2024
d_892,19,4,7,2024
d_893,19,4,7,2024
d_894,19,4,7,2024
d_895,19,4,7,2024
d_896,19,4,7,2024
d_897,19,4,7,2024
d_898,19,4,7,2024
d_899,19,4,7,2024
d_900,19,4,7,2024
d_901,19,4,7,2024
d_902,19,4,7,2024
d_903,19,4,7,2024
d_904,19,4,7,2024
d_905,19,4,7,2024
d_906,19,4,7,2024
d_907,19,4,7,2024
d_908,19,4,7,2024
d_909,19,4,7,2024
d_910,19,4,7,2024
d_911,19,4,7,2024
d_912,19,4,7,2024
d_913,19,4,7,2024
d_914,19,4,7,2024
d_915,19,4,7,2024
d_916,19,4,7,2024
d_917,19,4,7,2024
d_918,19,4,7,2024
d_919,19,4,7,2024
d_920,19,4,7,2024
d_921,19,4,7,2024
d_922,19,4,7,2024
d_923,19,4,7,2024
d_924,19,4,7,2024
d_925,19,4,7,2024
d_926,19,4,7,2024
d_927,19,4,7,2024
d_928,19,4,7,2024
d_929,19,4,7,2024
d_930,20,5,7,2024
d_931,20,5,7,2024
d_932,20,5,7,2024
d_933,20,5,7,2024
d_934,20,5,7,2024
d_935,20,5,7,2024
d_936,20,5,7,2024
d_937,20,5,7,2024
d_938,20,5,7,2024
d_939,20,5,7,2024
d_940,20,5,7,2024
d_941,20,5,7,2024
d_942,20,5,7,2024
d_943,20,5,7,2024
d_944,20,5,7,2024
d_945,20,5,7,2024
d_946,20,5,7,2024
d_947,20,5,7,2024
d_948,20,5,7,2024
d_949,20,5,7,2024
d_950,20,5,7,2024
d_951,20,5,7,2024
d_952,20,5,7,2024
d_953,20,5,7,2024
d_954,20,5,7,2024
d_955,20,5,7,2024
d_956,20,5,7,2024
d_957,20,5,7,2024
d_958,20,5,7,2024
d_959,20,5,7,2024
d_960,20,5,7,2024
d_961,20,5,7,2024
d_962,20,5,7,2024
d_963,20,5,7,2024
d_964,20,5,7,2024
d_965,20,5,7,2024
d_966,20,5,7,2024
d_967,20,5,7,2024
d_968,20,5,7,2024
d_969,20,5,7,2024
d_970,20,5,7,2024
d_971,20,5,7,2024
d_972,20,5,7,2024
d_973,20,5,7,2024
d_974,20,5,7,2024
d_975,20,5,7,2024
d_976,20,5,7,2024
d_977,20,5,7,2024
d_978,20,5,7,2024
d_979,20,5,7,2024
d_980,20,5,7,2024
d_981,20,5,7,2024
d_982,20,5,7,2024
d_983,20,5,7,2024
d_984,20,5,7,2024
d_985,21,6,7,2024
d_986,21,6,7,2024
d_987,21,6,7,2024
d_988,21,6,7,2024
d_989,21,6,7,2024
d_990,21,6,7,2024
d_991,21,6,7,2024
d_992,21,6,7,2024
d_993,21,6,7,2024
d_994,21,6,7,2024
d_995,21,6,7,2024
d_996,21,6,7,2024
d_997,21,6,7,2024
d_998,21,6,7,2024
d_999,21,6,7,2024
d_1000,21,6,7,2024
d_1001,21,6,7,2024
d_1002,21,6,7,2024
d_1003,21,6,7,2024
d_1004,21,6,7,2024
d_1005,21,6,7,2024
d_1006,21,6,7,2024
d_1007,21,6,7,2024
d_1008,21,6,7,2024
d_1009,21,6,7,2024
d_1010,21,6,7,2024
d_1011,21,6,7,2024
d_1012,21,6,7,2024
d_1013,21,6,7,2024
d_1014,21,6,7,2024
d_1015,21,6,7,2024
d_1016,21,6,7,2024
d_1017,21,6,7,2024
d_1018,21,6,7,2024
d_1019,21,6,7,2024
d_1020,21,6,7,2024
d_1021,21,6,7,2024
d_1022,21,6,7,2024
d_1023,21,6,7,2024
d_1024,21,6,7,2024
d_1025,21,6,7,2024
d_1026,21,6,7,2024
d_1027,21,6,7,2024
d_1028,21,6,7,2024
d_1029,21,6,7,2024
d_1030,22,0,7,2024
d_1031,22,0,7,2024
d_1032,22,0,7,2024
d_1033,22,0,7,2024
d_1034,22,0,7,2024
d_1035,22,0,7,2024
d_1036,22,0,7,2024
d_1037,22,0,7,2024
d_1038,22,0,7,2024
d_1039,22,0,7,2024
d_1040,22,0,7,2024
d_1041,22,0,7,2024
d_1042,22,0,7,2024
d_1043,22,0,7,2024
d_1044,22,0,7,2024
d_1045,22,0,7,2024
d_1046,22,0,7,2024
d_1047,22,0,7,2024
d_1048,22,0,7,2024
d_1049,22,0,7,2024
d_1050,22,0,7,2024
d_1051,22,0,7,2024
d_1052,22,0,7,2024
d_1053,22,0,7,2024
d_1054,22,0,7,2024
d_1055,22,0,7,2024
d_1056,22,0,7,2024
d_1057,22,0,7,2024
d_1058,22,0,7,2024
d_1059,22,0,7,2024
d_1060,22,0,7,2024
d_1061,22,0,7,2024
d_1062,22,0,7,2024
d_1063,22,0,7,2024
d_1064,22,0,7,2024
d_1065,22,0,7,2024
d_1066,22,0,7,2024
d_1067,22,0,7,2024
d_1068,22,0,7,2024
d_1069,22,0,7,2024
d_1070,22,0,7,2024
d_1071,22,0,7,2024
d_1072,22,0,7,2024
d_1073,22,0,7,2024
d_1074,22,0,7,2024
d_1075,22,0,7,2024
d_1076,22,0,7,2024
d_1077,22,0,7,2024
d_1078,22,0,7,2024
d_1079,23,1,7,2024
d_1080,23,1,7,2024
d_1081,23,1,7,2024
d_1082,23,1,7,2024
d_1083,23,1,7,2024
d_1084,23,1,7,2024
d_1085,23,1,7,2024
d_1086,23,1,7,2024
d_1087,23,1,7,2024
d_1088,23,1,7,2024
d_1089,23,1,7,2024
d_1090,23,1,7,2024
d_1091,23,1,7,2024
d_1092,23,1,7,2024
d_1093,23,1,7,2024
d_1094,23,1,7,2024
d_1095,23,1,7,2024
d_1096,23,1,7,2024
d_1097,23,1,7,2024
d_1098,23,1,7,2024
d_1099,23,1,7,2024
d_1100,23,1,7,2024
d_1101,23,1,7,2024
d_1102,23,1,7,2024
d_1103,23,1,7,2024
d_1104,23,1,7,2024
d_1105,23,1,7,2024
d_1106,23,1,7,2024
d_1107,23,1,7,2024
d_1108,23,1,7,2024
d_1109,23,1,7,2024
d_1110,23,1,7,2024
d_1111,23,1,7,2024
d_1112,23,1,7,2024
d_1113,23,1,7,2024
d_1114,23,1,7,2024
d_1115,23,1,7,2024
d_1116,23,1,7,2024
d_1117,23,1,7,2024
d_1118,23,1,7,2024
d_1119,23,1,7,2024
d_1120,23,1,7,2024
d_1121,23,1,7,2024
d_1122,23,1,7,2024
d_1123,23,1,7,2024
d_1124,23,1,7,2024
d_1125,23,1,7,2024
d_1126,23,1,7,2024
d_1127,23,1,7,2024
d_1128,23,1,7,2024
d_1129,24,2,7,2024
d_1130,24,2,7,2024
d_1131,24,2,7,2024
d_1132,24,2,7,2024
d_1133,24,2,7,2024
d_1134,24,2,7,2024
d_1135,24,2,7,2024
d_1136,24,2,7,2024
d_1137,24,2,7,2024
d_1138,24,2,7,2024
d_1139,24,2,7,2024
d_1140,24,2,7,2024
d_1141,24,2,7,2024
d_1142,24,2,7,2024
d_1143,24,2,7,2024
d_1144,24,2,7,2024
d_1145,24,2,7,2024
d_1146,24,2,7,2024
d_1147,24,2,7,2024
d_1148,24,2,7,2024
d_1149,24,2,7,2024
d_1150,24,2,7,2024
d_1151,24,2,7,2024
d_1152,24,2,7,2024
d_1153,24,2,7,2024
d_1154,24,2,7,2024
d_1155,24,2,7,2024
d_1156,24,2,7,2024
d_1157,24,2,7,2024
d_1158,24,2,7,2024
d_1159,24,2,7,2024
d_1160,24,2,7,2024
d_1161,24,2,7,2024
d_1162,24,2,7,2024
d_1163,24,2,7,2024
d_1164,24,2,7,2024
d_1165,24,2,7,2024
d_1166,24,2,7,2024
d_1167,24,2,7,2024
d_1168,24,2,7,2024
d_1169,24,2,7,2024
d_1170,24,2,7,2024
d_1171,24,2,7,2024
d_1172,24,2,7,2024
d_1173,24,2,7,2024
d_1174,24,2,7,2024
d_1175,24,2,7,2024
d_1176,24,2,7,2024
d_1177,24,2,7,2024
d_1178,24,2,7,2024
d_1179,24,2,7,2024
d_1180,24,2,7,2024
d_1181,25,3,7,2024
d_1182,25,3,7,2024
d_1183,25,3,7,2024
d_1184,25,3,7,2024
d_1185,25,3,7,2024
d_1186,25,3,7,2024
d_1187,25,3,7,2024
d_1188,25,3,7,2024
d_1189,25,3,7,2024
d_1190,25,3,7,2024
d_1191,25,3,7,2024
d_1192,25,3,7,2024
d_1193,25,3,7,2024
d_1194,25,3,7,2024
d_1195,25,3,7,2024
d_1196,25,3,7,2024
d_1197,25,3,7,2024
d_1198,25,3,7,2024
d_1199,25,3,7,2024
d_1200,25,3,7,2024
d_1201,25,3,7,2024
d_1202,25,3,7,2024
d_1203,25,3,7,2024
d_1204,25,3,7,2024
d_1205,25,3,7,2024
d_1206,25,3,7,2024
d_1207,25,3,7,2024
d_1208,25,3,7,2024
d_1209,25,3,7,2024
d_1210,25,3,7,2024
d_1211,25,3,7,2024
d_1212,25,3,7,2024
d_1213,25,3,7,2024
d_1214,25,3,7,2024
d_1215,25,3,7,2024
d_1216,25,3,7,2024
d_1217,25,3,7,2024
d_1218,25,3,7,2024
d_1219,25,3,7,2024
d_1220,25,3,7,2024
d_1221,25,3,7,2024
d_1222,25,3,7,2024
d_1223,25,3,7,2024
d_1224,25,3,7,2024
d_1225,25,3,7,2024
d_1226,25,3,7,2024
d_1227,25,3,7,2024
d_1228,25,3,7,2024
d_1229,26,4,7,2024
d_1230,26,4,7,2024
d_1231,26,4,7,2024
d_1232,26,4,7,2024
d_1233,26,4,7,2024
d_1234,26,4,7,2024
d_1235,26,4,7,2024
d_1236,26,4,7,2024
d_1237,26,4,7,2024
d_1238,26,4,7,2024
d_1239,26,4,7,2024
d_1240,26,4,7,2024
d_1241,26,4,7,2024
d_1242,26,4,7,2024
d_1243,26,4,7,2024
d_1244,26,4,7,2024
d_1245,26,4,7,2024
d_1246,26,4,7,2024
d_1247,26,4,7,2024
d_1248,26,4,7,2024
d_1249,26,4,7,2024
d_1250,26,4,7,2024
d_1251,26,4,7,2024
d_1252,26,4,7,2024
d_1253,26,4,7,2024
d_1254,26,4,7,2024
d_1255,26,4,7,2024
d_1256,26,4,7,2024
d_1257,26,4,7,2024
d_1258,26,4,7,2024
d_1259,26,4,7,2024
d_1260,26,4,7,2024
d_1261,26,4,7,2024
d_1262,26,4,7,2024
d_1263,26,4,7,2024
d_1264,26,4,7,2024
d_1265,26,4,7,2024
d_1266,26,4,7,2024
d_1267,26,4,7,2024
d_1268,26,4,7,2024
d_1269,26,4,7,2024
d_1270,26,4,7,2024
d_1271,26,4,7,2024
d_1272,26,4,7,2024
d_1273,26,4,7,2024
d_1274,26,4,7,2024
d_1275,26,4,7,2024
d_1276,26,4,7,2024
d_1277,26,4,7,2024
d_1278,26,4,7,2024
d_1279,26,4,7,2024
d_1280,26,4,7,2024
d_1281,26,4,7,2024
d_1282,27,5,7,2024
d_1283,27,5,7,2024
d_1284,27,5,7,2024
d_1285,27,5,7,2024
d_1286,27,5,7,2024
d_1287,27,5,7,2024
d_1288,27,5,7,2024
d_1289,27,5,7,2024
d_1290,27,5,7,2024
d_1291,27,5,7,2024
d_1292,27,5,7,2024
d_1293,27,5,7,2024
d_1294,27,5,7,2024
d_1295,27,5,7,2024
d_1296,27,5,7,2024
d_1297,27,5,7,2024
d_1298,27,5,7,2024
d_1299,27,5,7,2024
d_1300,27,5,7,2024
d_1301,27,5,7,2024
d_1302,27,5,7,2024
d_1303,27,5,7,2024
d_1304,27,5,7,2024
d_1305,27,5,7,2024
d_1306,27,5,7,2024
d_1307,27,5,7,2024
d_1308,27,5,7,2024
d_1309,27,5,7,2024
d_1310,27,5,7,2024
d_1311,27,5,7,2024
d_1312,27,5,7,2024
d_1313,27,5,7,2024
d_1314,27,5,7,2024
d_1315,27,5,7,2024
d_1316,27,5,7,2024
d_1317,27,5,7,2024
d_1318,27,5,7,2024
d_1319,27,5,7,2024
d_1320,27,5,7,2024
d_1321,27,5,7,2024
d_1322,27,5,7,2024
d_1323,27,5,7,2024
d_1324,27,5,7,2024
d_1325,27,5,7,2024
d_1326,27,5,7,2024
d_1327,27,5,7,2024
d_1328,27,5,7,2024
d_1329,27,5,7,2024
d_1330,28,6,7,2024
d_1331,28,6,7,2024
d_1332,28,6,7,2024
d_1333,28,6,7,2024
d_1334,28,6,7,2024
d_1335,28,6,7,2024
d_1336,28,6,7,2024
d_1337,28,6,7,2024
d_1338,28,6,7,2024
d_1339,28,6,7,2024
d_1340,28,6,7,2024
d_1341,28,6,7,2024
d_1342,28,6,7,2024
d_1343,28,6,7,2024
d_1344,28,6,7,2024
d_1345,28,6,7,2024
d_1346,28,6,7,2024
d_1347,28,6,7,2024
d_1348,28,6,7,2024
d_1349,28,6,7,2024
d_1350,28,6,7,2024
d_1351,28,6,7,2024
d_1352,28,6,7,2024
d_1353,28,6,7,2024
d_1354,28,6,7,2024
d_1355,28,6,7,2024
d_1356,28,6,7,2024
d_1357,28,6,7,2024
d_1358,28,6,7,2024
d_1359,28,6,7,2024
d_1360,28,6,7,2024
d_1361,28,6,7,2024
d_1362,28,6,7,2024
d_1363,28,6,7,2024
d_1364,28,6,7,2024
d_1365,28,6,7,2024
d_1366,28,6,7,2024
d_1367,28,6,7,2024
d_1368,28,6,7,2024
d_1369,28,6,7,2024
d_1370,28,6,7,2024
d_1371,28,6,7,2024
d_1372,28,6,7,2024
d_1373,28,6,7,2024
d_1374,28,6,7,2024
d_1375,28,6,7,2024
d_1376,28,6,7,2024
d_1377,28,6,7,2024
d_1378,28,6,7,2024
d_1379,28,6,7,2024
d_1380,28,6,7,2024
d_1381,28,6,7,2024
d_1382,28,6,7,2024
d_1383,28,6,7,2024
d_1384,29,0,7,2024
d_1385,29,0,7,2024
d_1386,29,0,7,2024
d_1387,29,0,7,2024
d_1388,29,0,7,2024
d_1389,29,0,7,2024
d_1390,29,0,7,2024
d_1391,29,0,7,2024
d_1392,29,0,7,2024
d_1393,29,0,7,2024
d_1394,29,0,7,2024
d_1395,29,0,7,2024
d_1396,29,0,7,2024
d_1397,29,0,7,2024
d_1398,29,0,7,2024
d_1399,29,0,7,2024
d_1400,29,0,7,2024
d_1401,29,0,7,2024
d_1402,29,0,7,2024
d_1403,29,0,7,2024
d_1404,29,0,7,2024
d_1405,29,0,7,2024
d_1406,29,0,7,2024
d_1407,29,0,7,2024
d_1408,29,0,7,2024
d_1409,29,0,7,2024
d_1410,29,0,7,2024
d_1411,29,0,7,2024
d_1412,29,0,7,2024
d_1413,29,0,7,2024
d_1414,29,0,7,2024
d_1415,29,0,7,2024
d_1416,29,0,7,2024
d_1417,29,0,7,2024
d_1418,29,0,7,2024
d_1419,29,0,7,2024
d_1420,29,0,7,2024
d_1421,29,0,7,2024
d_1422,29,0,7,2024
